<?xml version="1.0" encoding="UTF-8"?>
<config xmlns="http://www.knime.org/2008/09/XMLConfig" xmlns:xsi="http://www.w3.org/2001/XMLSchema-instance" xsi:schemaLocation="http://www.knime.org/2008/09/XMLConfig http://www.knime.org/XMLConfig_2008_09.xsd" key="MiningSchema">
<config key="learning">
<entry key="array-size" type="xint" value="13"/>
<entry key="0" type="xstring" value="Store_Number"/>
<entry key="1" type="xstring" value="Category"/>
<entry key="2" type="xstring" value="Vendor_Number"/>
<entry key="3" type="xstring" value="Item_Number"/>
<entry key="4" type="xstring" value="Pack"/>
<entry key="5" type="xstring" value="Bottle Volume (ml)"/>
<entry key="6" type="xstring" value="State Bottle Cost"/>
<entry key="7" type="xstring" value="State Bottle Retail"/>
<entry key="8" type="xstring" value="Bottles Sold"/>
<entry key="9" type="xstring" value="Sale (Dollars)"/>
<entry key="10" type="xstring" value="Volume Sold (Liters)"/>
<entry key="11" type="xstring" value="Month (number)"/>
<entry key="12" type="xstring" value="Day of month"/>
</config>
<config key="target">
<entry key="array-size" type="xint" value="0"/>
</config>
</config>
