<?xml version="1.0" encoding="UTF-8"?>
<config xmlns="http://www.knime.org/2008/09/XMLConfig" xmlns:xsi="http://www.w3.org/2001/XMLSchema-instance" xsi:schemaLocation="http://www.knime.org/2008/09/XMLConfig http://www.knime.org/XMLConfig_2008_09.xsd" key="model.xml">
<entry key="version" type="xint" value="1"/>
<entry key="class_name" type="xstring" value="org.knime.base.data.normalize.NormalizerPortObject"/>
<config key="model">
<config key="columns">
<config key="Store_Number">
<entry key="column_name" type="xstring" value="Store_Number"/>
<entry key="column_scale" type="xdouble" value="1.4438348252959862E-4"/>
<entry key="column_translate" type="xdouble" value="-0.3050822985850419"/>
<entry key="column_min" type="xdouble" value="0.0"/>
<entry key="column_max" type="xdouble" value="1.0"/>
</config>
<config key="Category">
<entry key="column_name" type="xstring" value="Category"/>
<entry key="column_scale" type="xdouble" value="1.1234692731153802E-6"/>
<entry key="column_translate" type="xdouble" value="-1.135939782046961"/>
<entry key="column_min" type="xdouble" value="0.0"/>
<entry key="column_max" type="xdouble" value="1.0"/>
</config>
<config key="Vendor_Number">
<entry key="column_name" type="xstring" value="Vendor_Number"/>
<entry key="column_scale" type="xdouble" value="0.0010604453870625664"/>
<entry key="column_translate" type="xdouble" value="-0.037115588547189826"/>
<entry key="column_min" type="xdouble" value="0.0"/>
<entry key="column_max" type="xdouble" value="1.0"/>
</config>
<config key="Item_Number">
<entry key="column_name" type="xstring" value="Item_Number"/>
<entry key="column_scale" type="xdouble" value="1.011087586473266E-6"/>
<entry key="column_translate" type="xdouble" value="-2.608605973101026E-4"/>
<entry key="column_min" type="xdouble" value="0.0"/>
<entry key="column_max" type="xdouble" value="1.0"/>
</config>
<config key="Pack">
<entry key="column_name" type="xstring" value="Pack"/>
<entry key="column_scale" type="xdouble" value="0.02127659574468085"/>
<entry key="column_translate" type="xdouble" value="-0.02127659574468085"/>
<entry key="column_min" type="xdouble" value="0.0"/>
<entry key="column_max" type="xdouble" value="1.0"/>
</config>
<config key="Bottle Volume (ml)">
<entry key="column_name" type="xstring" value="Bottle Volume (ml)"/>
<entry key="column_scale" type="xdouble" value="0.001177856301531213"/>
<entry key="column_translate" type="xdouble" value="-0.001177856301531213"/>
<entry key="column_min" type="xdouble" value="0.0"/>
<entry key="column_max" type="xdouble" value="1.0"/>
</config>
<config key="State Bottle Cost">
<entry key="column_name" type="xstring" value="State Bottle Cost"/>
<entry key="column_scale" type="xdouble" value="0.007745333436604445"/>
<entry key="column_translate" type="xdouble" value="-0.006893346758577956"/>
<entry key="column_min" type="xdouble" value="0.0"/>
<entry key="column_max" type="xdouble" value="1.0"/>
</config>
<config key="State Bottle Retail">
<entry key="column_name" type="xstring" value="State Bottle Retail"/>
<entry key="column_scale" type="xdouble" value="0.005163688939378292"/>
<entry key="column_translate" type="xdouble" value="-0.0069193431787669115"/>
<entry key="column_min" type="xdouble" value="0.0"/>
<entry key="column_max" type="xdouble" value="1.0"/>
</config>
<config key="Bottles Sold">
<entry key="column_name" type="xstring" value="Bottles Sold"/>
<entry key="column_scale" type="xdouble" value="0.0011123470522803114"/>
<entry key="column_translate" type="xdouble" value="-0.0011123470522803114"/>
<entry key="column_min" type="xdouble" value="0.0"/>
<entry key="column_max" type="xdouble" value="1.0"/>
</config>
<config key="Sale (Dollars)">
<entry key="column_name" type="xstring" value="Sale (Dollars)"/>
<entry key="column_scale" type="xdouble" value="2.665704880345838E-5"/>
<entry key="column_translate" type="xdouble" value="-3.598701588466882E-5"/>
<entry key="column_min" type="xdouble" value="0.0"/>
<entry key="column_max" type="xdouble" value="1.0"/>
</config>
<config key="Volume Sold (Liters)">
<entry key="column_name" type="xstring" value="Volume Sold (Liters)"/>
<entry key="column_scale" type="xdouble" value="2.116424512428703E-4"/>
<entry key="column_translate" type="xdouble" value="-1.0582122562143516E-5"/>
<entry key="column_min" type="xdouble" value="0.0"/>
<entry key="column_max" type="xdouble" value="1.0"/>
</config>
<config key="Month (number)">
<entry key="column_name" type="xstring" value="Month (number)"/>
<entry key="column_scale" type="xdouble" value="0.2"/>
<entry key="column_translate" type="xdouble" value="-0.2"/>
<entry key="column_min" type="xdouble" value="0.0"/>
<entry key="column_max" type="xdouble" value="1.0"/>
</config>
<config key="Day of year">
<entry key="column_name" type="xstring" value="Day of year"/>
<entry key="column_scale" type="xdouble" value="0.006666666666666667"/>
<entry key="column_translate" type="xdouble" value="-0.013333333333333334"/>
<entry key="column_min" type="xdouble" value="0.0"/>
<entry key="column_max" type="xdouble" value="1.0"/>
</config>
<config key="Day of month">
<entry key="column_name" type="xstring" value="Day of month"/>
<entry key="column_scale" type="xdouble" value="1.0"/>
<entry key="column_translate" type="xdouble" value="-1.0"/>
<entry key="column_min" type="xdouble" value="0.0"/>
<entry key="column_max" type="xdouble" value="1.0"/>
</config>
<config key="Day of week (number)">
<entry key="column_name" type="xstring" value="Day of week (number)"/>
<entry key="column_scale" type="xdouble" value="0.2"/>
<entry key="column_translate" type="xdouble" value="-0.2"/>
<entry key="column_min" type="xdouble" value="0.0"/>
<entry key="column_max" type="xdouble" value="1.0"/>
</config>
</config>
<entry key="summary" type="xstring" value="Min/Max (0.0, 1) normalization on 15 column(s)"/>
</config>
</config>
