<?xml version="1.0" encoding="UTF-8"?>
<config xmlns="http://www.knime.org/2008/09/XMLConfig" xmlns:xsi="http://www.w3.org/2001/XMLSchema-instance" xsi:schemaLocation="http://www.knime.org/2008/09/XMLConfig http://www.knime.org/XMLConfig_2008_09.xsd" key="model.xml">
<entry key="version" type="xint" value="1"/>
<entry key="class_name" type="xstring" value="org.knime.base.data.normalize.NormalizerPortObject"/>
<config key="model">
<config key="columns">
<config key="fixed acidity">
<entry key="column_name" type="xstring" value="fixed acidity"/>
<entry key="column_scale" type="xdouble" value="0.08849557522123894"/>
<entry key="column_translate" type="xdouble" value="-0.4070796460176991"/>
<entry key="column_min" type="xdouble" value="0.0"/>
<entry key="column_max" type="xdouble" value="1.0"/>
</config>
<config key="volatile acidity">
<entry key="column_name" type="xstring" value="volatile acidity"/>
<entry key="column_scale" type="xdouble" value="0.684931506849315"/>
<entry key="column_translate" type="xdouble" value="-0.0821917808219178"/>
<entry key="column_min" type="xdouble" value="0.0"/>
<entry key="column_max" type="xdouble" value="1.0"/>
</config>
<config key="citric acid">
<entry key="column_name" type="xstring" value="citric acid"/>
<entry key="column_scale" type="xdouble" value="1.0"/>
<entry key="column_translate" type="xdouble" value="0.0"/>
<entry key="column_min" type="xdouble" value="0.0"/>
<entry key="column_max" type="xdouble" value="1.0"/>
</config>
<config key="residual sugar">
<entry key="column_name" type="xstring" value="residual sugar"/>
<entry key="column_scale" type="xdouble" value="0.0684931506849315"/>
<entry key="column_translate" type="xdouble" value="-0.06164383561643835"/>
<entry key="column_min" type="xdouble" value="0.0"/>
<entry key="column_max" type="xdouble" value="1.0"/>
</config>
<config key="chlorides">
<entry key="column_name" type="xstring" value="chlorides"/>
<entry key="column_scale" type="xdouble" value="1.669449081803005"/>
<entry key="column_translate" type="xdouble" value="-0.02003338898163606"/>
<entry key="column_min" type="xdouble" value="0.0"/>
<entry key="column_max" type="xdouble" value="1.0"/>
</config>
<config key="free sulfur dioxide">
<entry key="column_name" type="xstring" value="free sulfur dioxide"/>
<entry key="column_scale" type="xdouble" value="0.014084507042253521"/>
<entry key="column_translate" type="xdouble" value="-0.014084507042253521"/>
<entry key="column_min" type="xdouble" value="0.0"/>
<entry key="column_max" type="xdouble" value="1.0"/>
</config>
<config key="total sulfur dioxide">
<entry key="column_name" type="xstring" value="total sulfur dioxide"/>
<entry key="column_scale" type="xdouble" value="0.0035335689045936395"/>
<entry key="column_translate" type="xdouble" value="-0.021201413427561835"/>
<entry key="column_min" type="xdouble" value="0.0"/>
<entry key="column_max" type="xdouble" value="1.0"/>
</config>
<config key="density">
<entry key="column_name" type="xstring" value="density"/>
<entry key="column_scale" type="xdouble" value="73.42143906020637"/>
<entry key="column_translate" type="xdouble" value="-72.69236417033852"/>
<entry key="column_min" type="xdouble" value="0.0"/>
<entry key="column_max" type="xdouble" value="1.0"/>
</config>
<config key="pH">
<entry key="column_name" type="xstring" value="pH"/>
<entry key="column_scale" type="xdouble" value="0.7874015748031499"/>
<entry key="column_translate" type="xdouble" value="-2.157480314960631"/>
<entry key="column_min" type="xdouble" value="0.0"/>
<entry key="column_max" type="xdouble" value="1.0"/>
</config>
<config key="sulphates">
<entry key="column_name" type="xstring" value="sulphates"/>
<entry key="column_scale" type="xdouble" value="0.5988023952095809"/>
<entry key="column_translate" type="xdouble" value="-0.1976047904191617"/>
<entry key="column_min" type="xdouble" value="0.0"/>
<entry key="column_max" type="xdouble" value="1.0"/>
</config>
<config key="alcohol">
<entry key="column_name" type="xstring" value="alcohol"/>
<entry key="column_scale" type="xdouble" value="0.15384615384615385"/>
<entry key="column_translate" type="xdouble" value="-1.2923076923076924"/>
<entry key="column_min" type="xdouble" value="0.0"/>
<entry key="column_max" type="xdouble" value="1.0"/>
</config>
<config key="quality">
<entry key="column_name" type="xstring" value="quality"/>
<entry key="column_scale" type="xdouble" value="0.2"/>
<entry key="column_translate" type="xdouble" value="-0.6000000000000001"/>
<entry key="column_min" type="xdouble" value="0.0"/>
<entry key="column_max" type="xdouble" value="1.0"/>
</config>
</config>
<entry key="summary" type="xstring" value="Min/Max (0.0, 1) normalization on 12 column(s)"/>
</config>
</config>
